main,n_cand,max_depth,num_trees,tp,fn,fp,tn,accuracy,precision,recall
6000/10,927,100,1,8176,892,235,5296,0.9228029317076513,0.972060397099037,0.9016321129245699
6000/10,927,100,100,9006,62,2,5529,0.9956161380916501,0.9997779751332149,0.9931627701808557
6000/10,927,100,1,66,34,22,78,0.72,0.75,0.66
6000/10,927,100,100,77,23,20,80,0.785,0.7938144329896907,0.77
