main,n_cand,max_depth,num_trees,tp,fn,fp,tn,accuracy,precision,recall
160/5,1632,100,1,4628,4440,120,5411,0.6876498390300706,0.974726200505476,0.5103661226290251
