main,max_depth,num_tree,tp,fn,fp,tn,accuracy,precision,recall
100/10,100,100,28,72,6,94,0.61,0.8235294117647058,0.28
100/10,100,100,28,72,5,95,0.615,0.8484848484848485,0.28
200/1,100,200,44,56,11,89,0.665,0.8,0.44
